,version,baseline,model_type,train_acc,test_acc,bal_acc,recall,precision,f1_score
only_null_clean_mnb,v1,0.6128214156320643,mnb,0.922687910799016,0.9204422452450904,0.9117225675799705,0.8730779983226167,0.9174500587544065,0.8947142243231628
only_null_clean_bnb,v1,0.6128214156320643,bnb,0.9086664788002955,0.905458481521571,0.9112244669706341,0.9367786253444627,0.8381034051523922,0.8846980726436089
only_null_clean_rfc,v1,0.6128214156320643,rfc,0.7494649616524117,0.7479511365393536,0.6754635879985034,0.3542074363992172,0.9855539504389377,0.5211234502614724
only_null_clean_logreg,v1,0.6128214156320643,logreg,0.9523073290733365,0.9439152620998917,0.9393369260357667,0.919046287791046,0.9349910612709248,0.9269501117802261
only_null_clean_abc,v1,0.6128214156320643,abc,0.9306087632045941,0.9262254522962734,0.9184409657866937,0.883941051958944,0.9222851904325361,0.9027061198686706
only_null_clean_bgc,v1,0.6128214156320643,bgc,0.7830448061295212,0.7819081490644813,0.7255647725845025,0.47585766204720636,0.9240015509887554,0.628196341013339
